{"train_loss": 0.8288202881813049, "_timestamp": 1714798944.7412474, "_runtime": 26.025245428085327, "_step": 3}